City_ID,City,Country,Date,Lat,Lng,Max Temp,Humidity,Cloudiness,Wind Speed
0,Paamiut,GL,2020-10-27 20:43:22,61.99,-49.67,28.06,85,59,18.28
1,Kapaa,US,2020-10-27 20:43:22,22.08,-159.32,82.0,83,75,8.05
2,Beloha,MG,2020-10-27 20:43:23,-25.17,45.05,69.78,85,0,12.95
3,Arraial Do Cabo,BR,2020-10-27 20:43:23,-22.97,-42.03,77.0,78,0,9.17
4,Mar Del Plata,AR,2020-10-27 20:40:42,-38.0,-57.56,64.4,48,0,11.41
5,Talnakh,RU,2020-10-27 20:43:23,69.49,88.4,-4.38,83,0,5.46
6,Wamba,NG,2020-10-27 20:43:23,8.93,8.6,74.66,53,0,2.8
7,Saint George,US,2020-10-27 20:43:23,37.1,-113.58,59.0,10,1,5.82
8,Atuona,PF,2020-10-27 20:43:24,-9.8,-139.03,79.05,72,2,20.56
9,Vardo,NO,2020-10-27 20:43:24,70.37,31.11,37.4,93,75,9.17
10,Hasaki,JP,2020-10-27 20:39:07,35.73,140.83,51.8,93,20,6.93
11,Litovko,RU,2020-10-27 20:43:24,49.24,135.17,36.23,86,100,3.76
12,Bintulu,MY,2020-10-27 20:43:24,3.17,113.03,77.0,94,40,3.69
13,Minab,IR,2020-10-27 20:43:25,27.15,57.08,69.8,83,0,6.93
14,Butaritari,KI,2020-10-27 20:43:25,3.07,172.79,81.18,66,100,5.99
15,Nikolskoye,RU,2020-10-27 20:43:25,59.7,30.79,53.6,76,75,6.71
16,Alofi,NU,2020-10-27 20:42:27,-19.06,-169.92,69.8,94,90,14.99
17,Ushuaia,AR,2020-10-27 20:43:26,-54.8,-68.3,48.2,39,40,14.99
18,Albany,US,2020-10-27 20:40:03,42.6,-73.97,50.0,59,100,3.29
19,Rikitea,PF,2020-10-27 20:43:21,-23.12,-134.97,75.33,84,100,17.27
20,Busselton,AU,2020-10-27 20:43:21,-33.65,115.33,55.0,97,22,7.92
21,Venice,US,2020-10-27 20:42:01,27.1,-82.45,89.6,59,20,11.41
22,Victoria,HK,2020-10-27 20:39:11,22.29,114.16,77.0,70,55,1.99
23,Berlevag,NO,2020-10-27 20:43:27,70.86,29.09,32.0,81,0,6.93
24,Katsuura,JP,2020-10-27 20:43:27,35.13,140.3,59.0,77,40,8.05
25,Deputatskiy,RU,2020-10-27 20:43:27,69.3,139.9,4.08,94,95,4.32
26,Kruisfontein,ZA,2020-10-27 20:43:27,-34.0,24.73,61.0,91,27,10.56
27,Atasu,KZ,2020-10-27 20:43:27,48.68,71.64,31.21,94,99,14.12
28,Sarakhs,IR,2020-10-27 20:39:22,36.54,61.16,55.4,43,0,2.24
29,San Cristobal,VE,2020-10-27 20:43:28,7.77,-72.22,87.8,55,40,11.41
30,Bodden Town,KY,2020-10-27 20:43:28,19.28,-81.25,87.8,70,40,11.41
31,Jiexiu,CN,2020-10-27 20:43:28,37.02,111.91,50.74,58,100,2.95
32,Praia Da Vitoria,PT,2020-10-27 20:43:28,38.73,-27.07,64.4,68,75,7.78
33,Obra,IN,2020-10-27 20:43:29,24.42,82.98,68.07,48,0,3.27
34,Kaka,TM,2020-10-27 20:43:29,37.35,59.61,48.76,60,0,2.64
35,Bloomfield,US,2020-10-27 20:43:29,40.81,-74.19,60.8,44,1,3.36
36,Ahipara,NZ,2020-10-27 20:43:29,-35.17,173.17,68.9,63,33,1.41
37,Tautira,PF,2020-10-27 20:43:30,-17.73,-149.15,84.2,74,75,16.11
38,Adrar,MR,2020-10-27 20:43:30,20.5,-10.07,87.17,14,0,14.03
39,Mataura,NZ,2020-10-27 20:43:30,-46.19,168.86,53.01,76,8,1.99
40,Ciudad Bolivar,VE,2020-10-27 20:43:30,8.12,-63.55,89.78,51,34,7.14
41,Vaini,TO,2020-10-27 20:42:13,-21.2,-175.2,75.2,78,40,12.75
42,Aklavik,CA,2020-10-27 20:43:31,68.22,-135.01,10.4,85,75,2.24
43,Punta Arenas,CL,2020-10-27 20:43:31,-53.15,-70.92,50.0,55,65,23.0
44,Sulangan,PH,2020-10-27 20:43:31,11.14,123.72,83.03,73,72,4.47
45,Clyde River,CA,2020-10-27 20:39:51,70.47,-68.59,10.4,66,40,6.93
46,Jamestown,US,2020-10-27 20:43:31,42.1,-79.24,45.0,75,90,5.82
47,Ostrovnoy,RU,2020-10-27 20:43:32,68.05,39.51,42.33,92,100,20.62
48,Tuktoyaktuk,CA,2020-10-27 20:43:32,69.45,-133.04,10.4,92,90,10.29
49,Avarua,CK,2020-10-27 20:41:52,-21.21,-159.78,69.8,88,100,8.05
50,Ilulissat,GL,2020-10-27 20:43:32,69.22,-51.1,19.4,67,40,2.24
51,Tasiilaq,GL,2020-10-27 20:43:32,65.61,-37.64,33.8,43,100,10.29
52,Luganville,VU,2020-10-27 20:43:32,-15.53,167.17,78.8,78,40,8.05
53,Port Alfred,ZA,2020-10-27 20:43:33,-33.59,26.89,65.84,86,20,10.96
54,Sao Gabriel Da Cachoeira,BR,2020-10-27 20:43:33,-0.13,-67.09,88.97,63,100,0.98
55,Lesozavodsk,RU,2020-10-27 20:43:33,45.48,133.42,37.6,81,77,5.08
56,Thompson,CA,2020-10-27 20:38:49,55.74,-97.86,26.6,63,90,8.05
57,East London,ZA,2020-10-27 20:43:33,-33.02,27.91,70.97,85,35,8.08
58,Bethel,US,2020-10-27 20:42:19,41.37,-73.41,55.4,50,1,4.7
59,Lebu,CL,2020-10-27 20:43:34,-37.62,-73.65,53.44,66,97,13.44
60,Isangel,VU,2020-10-27 20:43:34,-19.55,169.27,77.76,73,5,17.13
61,Port Macquarie,AU,2020-10-27 20:41:12,-31.43,152.92,62.01,92,72,1.01
62,Kirkuk,IQ,2020-10-27 20:42:41,35.47,44.39,64.58,25,0,5.35
63,Hilo,US,2020-10-27 20:43:32,19.73,-155.09,78.8,78,90,4.7
64,Upernavik,GL,2020-10-27 20:43:35,72.79,-56.15,17.37,82,0,5.57
65,Chake Chake,TZ,2020-10-27 20:43:35,-5.25,39.77,77.29,82,9,7.4
66,Norman Wells,CA,2020-10-27 20:43:35,65.28,-126.83,19.4,85,75,10.29
67,Aktau,KZ,2020-10-27 20:43:35,43.65,51.2,35.6,74,0,8.95
68,Tavrichanka,RU,2020-10-27 20:43:35,43.34,131.86,44.6,56,32,4.47
69,Lompoc,US,2020-10-27 20:43:36,34.64,-120.46,71.6,21,1,16.11
70,Hualmay,PE,2020-10-27 20:43:36,-11.1,-77.61,67.19,75,100,9.48
71,Daru,PG,2020-10-27 20:43:36,-9.08,143.21,79.93,85,100,6.2
72,Coquimbo,CL,2020-10-27 20:40:31,-29.95,-71.34,59.0,67,40,14.99
73,Yellowknife,CA,2020-10-27 20:43:36,62.46,-114.35,17.6,67,75,11.41
74,Longyearbyen,SJ,2020-10-27 20:43:37,78.22,15.64,32.0,93,75,8.05
75,Vilcun,CL,2020-10-27 20:43:37,-38.65,-72.23,55.4,62,90,13.87
76,Belyy Yar,RU,2020-10-27 20:43:37,53.6,91.39,24.8,100,86,2.24
77,Bonavista,CA,2020-10-27 20:43:37,48.65,-53.11,39.99,82,100,1.01
78,Bumba,CD,2020-10-27 20:43:38,2.18,22.47,72.73,89,84,1.41
79,Souillac,MU,2020-10-27 20:43:38,-20.52,57.52,71.01,78,8,3.0
80,Yarke Pole,UA,2020-10-27 20:43:38,45.61,34.32,56.84,90,0,4.41
81,Havelock,US,2020-10-27 20:43:38,34.88,-76.9,75.99,60,40,6.93
82,Broome,US,2020-10-27 20:43:38,42.25,-75.83,50.0,75,90,5.82
83,Cap Malheureux,MU,2020-10-27 20:43:38,-19.98,57.61,71.01,78,0,3.0
84,Palmeiras De Goias,BR,2020-10-27 20:43:39,-16.8,-49.93,78.13,79,62,2.04
85,Chicama,PE,2020-10-27 20:43:39,-7.84,-79.15,68.0,72,54,11.41
86,Labuan,MY,2020-10-27 20:43:39,5.28,115.24,77.0,94,20,8.34
87,Puerto Ayora,EC,2020-10-27 20:43:04,-0.74,-90.35,78.8,65,75,9.17
88,Hobart,AU,2020-10-27 20:39:43,-42.88,147.33,51.01,93,75,1.12
89,Castro,BR,2020-10-27 20:43:39,-24.79,-50.01,69.85,56,0,4.65
90,Waipawa,NZ,2020-10-27 20:43:40,-41.41,175.52,57.0,66,100,8.05
91,Jember,ID,2020-10-27 20:43:40,-8.17,113.7,74.5,87,100,0.4
92,Ancud,CL,2020-10-27 20:39:34,-41.87,-73.82,48.99,81,90,16.11
93,Mahebourg,MU,2020-10-27 20:43:40,-20.41,57.7,71.01,78,2,3.0
94,Hermanus,ZA,2020-10-27 20:43:41,-34.42,19.23,62.01,91,100,1.01
95,Yankton,US,2020-10-27 20:43:41,42.87,-97.4,33.8,50,1,13.87
96,Chinsali,ZM,2020-10-27 20:43:41,-10.54,32.08,66.61,60,19,3.94
97,Kaitangata,NZ,2020-10-27 20:43:41,-46.28,169.85,53.01,69,4,4.0
98,Podkletnoye,RU,2020-10-27 20:43:41,51.59,39.46,37.4,86,0,8.95
99,Airai,TL,2020-10-27 20:43:41,-8.93,125.41,60.6,100,11,0.98
100,New Norfolk,AU,2020-10-27 20:43:42,-42.78,147.06,51.01,83,76,2.98
101,Ribeira Grande,PT,2020-10-27 20:43:42,38.52,-28.7,62.6,72,40,6.93
102,Cape Town,ZA,2020-10-27 20:43:42,-33.93,18.42,64.99,77,75,5.82
103,Cherskiy,RU,2020-10-27 20:43:42,68.75,161.3,11.3,93,99,7.99
104,Juegang,CN,2020-10-27 20:43:42,32.32,121.19,64.99,1,100,8.48
105,Bluff,NZ,2020-10-27 20:43:42,-46.6,168.33,53.01,76,22,1.99
106,Saskylakh,RU,2020-10-27 20:43:43,71.92,114.08,4.96,93,100,10.22
107,Kasongo-Lunda,CD,2020-10-27 20:43:43,-6.47,16.82,72.3,92,62,0.81
108,Bosaso,SO,2020-10-27 20:43:43,11.28,49.18,72.3,63,8,2.42
109,Sri Aman,MY,2020-10-27 20:43:43,1.24,111.46,75.2,94,100,1.86
110,Port Elizabeth,ZA,2020-10-27 20:43:43,-33.92,25.57,62.6,93,17,21.92
111,Xining,CN,2020-10-27 20:43:44,36.62,101.77,30.09,95,61,1.52
112,Uniontown,US,2020-10-27 20:43:44,39.9,-79.72,55.99,59,95,4.21
113,Sioux Lookout,CA,2020-10-27 20:41:20,50.1,-91.92,28.4,58,90,17.22
114,Poso,ID,2020-10-27 20:43:44,-1.4,120.75,77.0,76,100,5.79
115,Portland,US,2020-10-27 20:43:44,45.52,-122.68,57.99,50,20,4.7
116,Yumen,CN,2020-10-27 20:43:44,40.28,97.2,38.05,70,99,8.14
117,Bambous Virieux,MU,2020-10-27 20:43:45,-20.34,57.76,71.01,78,0,3.0
118,Pacific Grove,US,2020-10-27 20:43:45,36.62,-121.92,73.4,11,1,8.05
119,Sao Filipe,CV,2020-10-27 20:43:45,14.9,-24.5,82.02,69,100,6.8
120,Riverton,US,2020-10-27 20:43:45,40.52,-111.94,43.0,48,1,13.87
121,Brownsville,US,2020-10-27 20:40:43,25.9,-97.5,69.8,64,90,13.87
122,Kaabong,UG,2020-10-27 20:43:46,3.48,34.15,69.46,61,4,11.59
123,Nishihara,JP,2020-10-27 20:43:46,26.18,127.76,73.4,78,20,3.36
124,Birao,CF,2020-10-27 20:43:46,10.28,22.79,78.13,41,0,3.4
125,Nanortalik,GL,2020-10-27 20:43:46,60.14,-45.24,30.83,89,100,3.0
126,Snasa,NO,2020-10-27 20:43:47,64.25,12.38,37.4,93,0,11.41
127,Qaanaaq,GL,2020-10-27 20:43:47,77.48,-69.36,10.44,80,89,13.29
128,Aykhal,RU,2020-10-27 20:43:47,66.0,111.5,-11.65,88,64,5.08
129,Cracow,US,2020-10-27 20:43:47,43.74,-82.82,41.0,80,87,9.17
130,Bredasdorp,ZA,2020-10-27 20:43:47,-34.53,20.04,60.8,82,100,2.24
131,Athabasca,CA,2020-10-27 20:43:47,54.72,-113.29,43.52,72,82,14.83
132,Acapulco,MX,2020-10-27 20:40:05,16.86,-99.89,86.0,74,90,8.05
133,Camacha,PT,2020-10-27 20:43:48,33.08,-16.33,66.2,68,40,8.05
134,Meadow Lake,US,2020-10-27 20:43:48,34.8,-106.54,32.0,89,90,6.93
135,Burnie,AU,2020-10-27 20:43:48,-41.07,145.92,53.01,68,100,8.99
136,Provideniya,RU,2020-10-27 20:43:48,64.38,-173.3,32.0,96,90,6.71
137,Ahuimanu,US,2020-10-27 20:43:49,21.44,-157.84,80.6,74,40,3.36
138,Plaridel,PH,2020-10-27 20:43:49,14.89,120.86,80.6,83,75,3.36
139,Kudahuvadhoo,MV,2020-10-27 20:43:49,2.67,72.89,81.97,78,40,12.66
140,Port Keats,AU,2020-10-27 20:43:49,-14.25,129.55,77.83,77,22,3.4
141,Georgetown,MY,2020-10-27 20:38:55,5.41,100.34,78.8,88,20,4.05
142,Caraguatatuba,BR,2020-10-27 20:43:50,-23.63,-45.49,93.2,25,40,11.41
143,Oranjestad,AW,2020-10-27 20:42:53,12.52,-70.03,86.0,70,40,11.41
144,Mount Gambier,AU,2020-10-27 20:43:50,-37.83,140.77,44.6,100,75,3.36
145,Charters Towers,AU,2020-10-27 20:39:28,-20.1,146.27,73.96,70,41,1.86
146,Kalemie,CD,2020-10-27 20:43:50,-5.95,29.19,73.04,71,60,1.81
147,Shieli,KZ,2020-10-27 20:41:09,44.17,66.75,32.68,80,0,7.47
148,Pisco,PE,2020-10-27 20:43:51,-13.7,-76.22,69.8,68,0,20.8
149,Koslan,RU,2020-10-27 20:43:51,63.46,48.9,37.54,96,100,9.57
150,Fairbanks,US,2020-10-27 20:43:39,64.84,-147.72,28.0,100,90,6.91
151,Saint-Joseph,RE,2020-10-27 20:43:51,-21.37,55.62,73.4,64,75,6.93
152,Khani,GE,2020-10-27 20:43:51,41.96,42.96,69.8,46,0,25.28
153,Sholapur,IN,2020-10-27 20:43:52,17.68,75.92,72.46,71,1,6.71
154,La Quinta,US,2020-10-27 20:40:31,33.66,-116.31,78.8,4,1,6.93
155,Sorong,ID,2020-10-27 20:43:52,-0.88,131.25,79.45,82,100,6.08
156,Chuy,UY,2020-10-27 20:43:52,-33.7,-53.46,61.79,94,100,14.25
157,Salalah,OM,2020-10-27 20:43:52,17.02,54.09,78.8,69,20,4.7
158,Carnarvon,AU,2020-10-27 20:43:53,-24.87,113.63,68.0,77,0,20.8
159,Saint-Pierre,RE,2020-10-27 20:43:53,-21.34,55.48,73.4,64,75,6.93
160,Morehead,US,2020-10-27 20:43:53,37.27,-87.18,62.01,63,90,4.7
161,Barrow,US,2020-10-27 20:40:01,71.29,-156.79,30.2,68,90,14.99
162,Lexington Park,US,2020-10-27 20:43:53,38.27,-76.45,64.4,68,90,5.82
163,Cidreira,BR,2020-10-27 20:43:53,-30.18,-50.21,64.18,81,95,17.18
164,Marrakesh,MA,2020-10-27 20:43:54,31.63,-8.01,66.2,55,0,5.82
165,Fort-Shevchenko,KZ,2020-10-27 20:43:54,44.51,50.26,45.12,58,0,18.19
166,Faanui,PF,2020-10-27 20:43:54,-16.48,-151.75,79.74,82,80,19.66
167,Kieta,PG,2020-10-27 20:43:54,-6.22,155.63,82.13,72,9,1.7
168,Baruun-Urt,MN,2020-10-27 20:43:54,46.68,113.28,25.95,77,0,6.44
169,Vila Franca Do Campo,PT,2020-10-27 20:43:55,37.72,-25.43,64.4,72,75,4.7
170,Moron,AR,2020-10-27 20:43:55,-34.65,-58.62,73.99,40,0,6.93
171,Dalvik,IS,2020-10-27 20:43:55,65.97,-18.53,37.4,59,90,8.05
172,Beyneu,KZ,2020-10-27 20:43:55,45.32,55.2,28.99,85,0,4.18
173,Ambilobe,MG,2020-10-27 20:43:55,-13.2,49.05,72.54,86,1,2.1
174,Dikson,RU,2020-10-27 20:43:55,73.51,80.55,10.71,96,100,16.64
175,Manaure,CO,2020-10-27 20:43:56,11.78,-72.44,85.69,69,80,15.52
176,Kodiak,US,2020-10-27 20:40:40,57.79,-152.41,48.2,49,1,4.7
177,Denpasar,ID,2020-10-27 20:39:21,-8.65,115.22,75.2,88,20,4.7
178,Cabo San Lucas,MX,2020-10-27 20:40:45,22.89,-109.91,84.2,58,20,10.29
179,Troy,US,2020-10-27 20:43:56,42.61,-83.15,39.99,93,90,3.62
180,Yulara,AU,2020-10-27 20:43:56,-25.24,130.99,60.8,31,0,5.82
181,Saint Anthony,US,2020-10-27 20:42:19,45.02,-93.22,34.0,47,1,11.41
182,Thanatpin,MM,2020-10-27 20:43:57,17.21,96.3,78.8,94,40,3.36
183,Boden,SE,2020-10-27 20:43:57,65.83,21.69,39.2,100,90,3.36
184,Lagoa,PT,2020-10-27 20:43:57,39.05,-27.98,62.76,64,100,8.63
185,Kulhudhuffushi,MV,2020-10-27 20:43:57,6.62,73.07,82.08,76,19,7.54
186,Guerrero Negro,MX,2020-10-27 20:43:58,27.98,-114.06,75.13,20,0,21.23
187,Fortuna,US,2020-10-27 20:43:58,40.6,-124.16,72.0,37,1,11.41
188,Samarai,PG,2020-10-27 20:43:58,-10.62,150.67,81.52,83,34,7.87
189,Bouar,CF,2020-10-27 20:43:58,5.93,15.6,67.24,92,96,2.98
190,Tallahassee,US,2020-10-27 20:43:59,30.44,-84.28,82.0,83,90,4.7
191,Collie,AU,2020-10-27 20:43:59,-33.37,116.15,55.0,90,38,2.64
192,Bilma,NE,2020-10-27 20:43:59,18.69,12.92,71.89,22,0,3.2
193,Regina,CA,2020-10-27 20:39:30,50.45,-104.62,51.01,61,90,18.34
194,Luderitz,NA,2020-10-27 20:43:42,-26.65,15.16,58.64,74,25,9.44
195,Chapais,CA,2020-10-27 20:44:00,49.78,-74.85,26.6,63,90,10.29
196,Gamba,GA,2020-10-27 20:44:00,-2.65,10.0,77.58,86,100,6.98
197,Severo-Kurilsk,RU,2020-10-27 20:44:00,50.68,156.12,42.76,85,15,6.17
198,Sao Jose Da Coroa Grande,BR,2020-10-27 20:44:00,-8.9,-35.15,77.83,77,20,13.31
199,Sangmelima,CM,2020-10-27 20:44:01,2.93,11.98,68.74,94,32,1.52
200,Kenai,US,2020-10-27 20:44:01,60.55,-151.26,36.0,92,1,3.36
201,Kavieng,PG,2020-10-27 20:44:01,-2.57,150.8,82.67,69,95,2.44
202,Saint-Philippe,RE,2020-10-27 20:44:01,-21.36,55.77,73.4,64,75,6.93
203,Almaznyy,RU,2020-10-27 20:44:02,48.04,40.05,51.8,50,20,22.37
204,Mayo,US,2020-10-27 20:44:02,38.89,-76.51,64.0,72,1,6.93
205,Bengkulu,ID,2020-10-27 20:43:33,-3.8,102.27,75.72,83,98,4.43
206,Ingham,US,2020-10-27 20:44:02,42.6,-84.38,37.4,93,90,4.41
207,Tabory,RU,2020-10-27 20:44:03,58.52,64.55,19.6,97,44,5.59
208,Bloomingdale,US,2020-10-27 20:44:03,27.89,-82.24,91.4,58,75,5.82
209,Iralaya,HN,2020-10-27 20:44:03,15.0,-83.23,83.17,75,100,8.93
210,Maceio,BR,2020-10-27 20:43:30,-9.67,-35.74,78.8,78,75,16.11
211,Miass,RU,2020-10-27 20:44:04,55.05,60.11,24.67,94,25,7.07
212,Shalya,RU,2020-10-27 20:44:04,57.25,58.73,26.33,92,100,7.92
213,Hithadhoo,MV,2020-10-27 20:44:04,-0.6,73.08,83.43,67,93,9.44
214,Lufilufi,WS,2020-10-27 20:44:04,-13.87,-171.6,86.0,70,40,10.29
215,Nurota,UZ,2020-10-27 20:44:04,40.56,65.69,42.8,60,25,9.17
216,Garden City,US,2020-10-27 20:42:56,42.33,-83.33,42.8,86,90,4.7
217,Bollnas,SE,2020-10-27 20:44:05,61.35,16.39,44.29,87,93,7.96
218,Aquiraz,BR,2020-10-27 20:43:08,-3.9,-38.39,82.4,74,0,12.75
219,La Ronge,CA,2020-10-27 20:44:05,55.1,-105.28,28.4,92,90,6.93
220,Dillon,US,2020-10-27 20:44:06,34.42,-79.37,79.0,57,1,3.36
221,Trudobelikovskiy,RU,2020-10-27 20:44:06,45.27,38.16,57.0,91,13,8.61
222,Rtishchevo,RU,2020-10-27 20:44:06,52.26,43.79,33.12,88,15,8.86
223,Khatanga,RU,2020-10-27 20:43:24,71.97,102.5,-1.46,92,83,11.39
224,Tazovskiy,RU,2020-10-27 20:44:06,67.47,78.7,-3.44,90,0,8.7
225,Tiksi,RU,2020-10-27 20:44:06,71.69,128.87,-1.19,91,50,10.69
226,Vao,NC,2020-10-27 20:44:07,-22.67,167.48,72.95,82,82,18.23
227,Ndjole,GA,2020-10-27 20:44:07,-0.18,10.76,74.44,95,100,3.67
228,Constitucion,CL,2020-10-27 20:44:07,-35.33,-72.42,55.96,60,9,12.15
229,Namibe,AO,2020-10-27 20:44:07,-15.2,12.15,70.25,81,95,6.53
230,Ambon,ID,2020-10-27 20:44:08,-3.7,128.18,80.01,93,71,1.99
231,Husavik,IS,2020-10-27 20:44:08,66.04,-17.34,37.4,59,90,8.05
232,Bela Pod Bezdezem,CZ,2020-10-27 20:44:08,50.5,14.8,42.01,90,31,7.0
233,Bay Roberts,CA,2020-10-27 20:40:56,47.6,-53.26,50.0,100,90,9.17
234,Seoul,KR,2020-10-27 20:43:45,37.57,126.98,57.2,87,75,5.26
235,Fowa,NG,2020-10-27 20:44:09,8.92,6.4,80.11,57,41,2.24
236,Codrington,AU,2020-10-27 20:44:09,-38.27,141.97,52.47,89,80,7.05
237,Geraldton,AU,2020-10-27 20:44:09,-28.77,114.6,62.6,72,90,8.05
238,Iraan,US,2020-10-27 20:44:10,30.91,-101.9,34.0,67,100,7.0
239,Peniche,PT,2020-10-27 20:44:10,39.36,-9.38,61.0,87,95,11.99
240,Kushiro,JP,2020-10-27 20:43:17,42.98,144.37,44.2,81,100,5.26
241,Veraval,IN,2020-10-27 20:44:10,20.9,70.37,78.58,50,0,10.27
242,Fare,PF,2020-10-27 20:44:11,-16.7,-151.02,80.4,81,96,19.57
243,Lavrentiya,RU,2020-10-27 20:44:11,65.58,-171.0,30.56,93,100,10.25
244,Beringovskiy,RU,2020-10-27 20:44:11,63.05,179.32,27.0,92,87,11.79
245,Zyryanka,RU,2020-10-27 20:44:11,65.75,150.85,8.47,90,53,0.45
246,Iqaluit,CA,2020-10-27 20:44:11,63.75,-68.51,17.6,78,90,3.36
247,Bireun,ID,2020-10-27 20:44:12,5.2,96.7,77.04,78,100,4.38
248,Kostomuksha,RU,2020-10-27 20:44:12,64.57,30.58,48.31,94,100,10.25
249,Biltine,TD,2020-10-27 20:44:12,14.53,20.92,83.32,17,0,6.8
250,Misratah,LY,2020-10-27 20:44:12,32.38,15.09,69.98,67,17,21.94
251,Malakwal,PK,2020-10-27 20:44:12,32.55,73.21,66.34,25,0,5.61
252,Kaeo,NZ,2020-10-27 20:44:13,-35.1,173.78,66.99,89,91,5.01
253,Karratha,AU,2020-10-27 20:44:13,-20.74,116.85,67.46,89,76,3.89
254,Dunedin,NZ,2020-10-27 20:41:42,-45.87,170.5,53.01,70,0,14.0
255,Lata,PT,2020-10-27 20:44:13,40.16,-8.33,61.0,93,99,1.01
256,Bosanski Samac,BA,2020-10-27 20:44:13,45.06,18.47,57.0,82,27,3.0
257,Kokopo,PG,2020-10-27 20:44:14,-4.35,152.26,79.48,79,25,5.23
258,Kuldiga,LV,2020-10-27 20:44:15,56.97,21.96,48.2,100,90,5.82
259,Padang,ID,2020-10-27 20:44:15,-0.95,100.35,77.14,73,96,4.03
260,Hirara,JP,2020-10-27 20:44:15,24.8,125.28,76.96,76,20,16.55
261,Soyo,AO,2020-10-27 20:44:15,-6.13,12.37,77.13,87,9,9.64
262,Mocorito,MX,2020-10-27 20:44:16,25.48,-107.92,82.99,38,0,11.01
263,Urrao,CO,2020-10-27 20:44:16,6.32,-76.13,63.0,92,91,3.29
264,Ust-Kuyga,RU,2020-10-27 20:44:16,70.02,135.6,6.4,93,95,3.94
265,Sangar,RU,2020-10-27 20:44:16,63.92,127.47,-4.04,91,82,3.91
266,Colombia,CU,2020-10-27 20:44:16,20.99,-77.43,86.0,70,40,14.99
267,Tuhian,PH,2020-10-27 20:44:17,13.65,122.22,78.01,88,96,4.0
268,Adelanto,US,2020-10-27 20:40:30,34.58,-117.41,66.0,15,0,13.0
269,Zheshart,RU,2020-10-27 20:44:17,62.07,49.57,36.05,96,100,8.66
270,Hay River,CA,2020-10-27 20:44:17,60.82,-115.8,23.0,79,75,13.87
271,Atbasar,KZ,2020-10-27 20:44:17,51.8,68.33,27.95,93,99,19.62
272,Bathsheba,BB,2020-10-27 20:43:39,13.22,-59.52,86.0,74,75,18.34
273,Byron Bay,AU,2020-10-27 20:44:18,-28.65,153.62,64.4,93,75,8.05
274,Tateyama,JP,2020-10-27 20:44:18,34.98,139.87,59.0,77,40,8.05
275,Narsaq,GL,2020-10-27 20:43:26,60.92,-46.05,32.0,97,75,2.24
276,Port Moresby,PG,2020-10-27 20:44:19,-9.44,147.18,77.0,88,75,5.82
277,Dudinka,RU,2020-10-27 20:44:19,69.41,86.18,-4.99,87,0,5.28
278,Roanoke Rapids,US,2020-10-27 20:44:19,36.46,-77.65,71.01,93,90,0.78
279,Bilibino,RU,2020-10-27 20:44:19,68.05,166.44,-2.4,90,87,1.72
280,Coihaique,CL,2020-10-27 20:44:19,-45.58,-72.07,44.6,70,90,4.7
281,Half Moon Bay,US,2020-10-27 20:42:25,37.46,-122.43,73.99,21,5,10.29
282,San Policarpo,PH,2020-10-27 20:44:20,12.18,125.51,79.29,82,75,4.23
283,Vostok,RU,2020-10-27 20:44:20,46.49,135.88,29.84,96,100,2.46
284,Qasigiannguit,GL,2020-10-27 20:44:20,68.82,-51.19,19.4,67,40,2.24
285,Axim,GH,2020-10-27 20:44:20,4.87,-2.24,78.35,86,100,8.99
286,Gornopravdinsk,RU,2020-10-27 20:44:21,60.05,69.9,13.82,96,51,8.19
287,Dingle,PH,2020-10-27 20:44:07,11.0,122.67,75.87,87,80,3.65
288,Pazaric,BA,2020-10-27 20:44:21,43.79,18.16,48.2,100,0,2.24
289,Antofagasta,CL,2020-10-27 20:40:12,-23.65,-70.4,64.4,68,40,13.87
290,Turukhansk,RU,2020-10-27 20:40:10,65.82,87.98,1.76,86,20,14.97
291,San Jose,US,2020-10-27 20:43:00,37.34,-121.89,78.01,11,1,4.7
292,Port Blair,IN,2020-10-27 20:44:22,11.67,92.75,79.45,77,57,3.53
293,Flin Flon,CA,2020-10-27 20:44:22,54.77,-101.86,28.4,79,90,3.36
294,Chokurdakh,RU,2020-10-27 20:44:22,70.63,147.92,11.64,97,100,1.3
295,Rundu,NA,2020-10-27 20:44:22,-17.93,19.77,77.88,21,43,5.82
296,Dubbo,AU,2020-10-27 20:44:23,-32.25,148.62,57.2,76,75,12.75
297,Oranienburg,DE,2020-10-27 20:44:23,52.75,13.23,51.8,66,0,12.75
298,Placerville,US,2020-10-27 20:44:23,38.73,-120.8,71.01,27,0,5.82
299,Biak,ID,2020-10-27 20:44:23,-0.91,122.88,77.27,75,100,3.13
300,Hamilton,US,2020-10-27 20:42:48,39.18,-84.53,53.6,76,90,1.21
301,Salinas,US,2020-10-27 20:42:23,36.68,-121.66,73.4,16,1,3.96
302,Manono,CD,2020-10-27 20:44:24,-7.3,27.42,72.18,81,99,0.94
303,Rudbar,AF,2020-10-27 20:44:24,30.15,62.6,63.3,26,0,7.78
304,Nizwa,OM,2020-10-27 20:44:24,22.93,57.53,64.96,56,3,3.0
305,Kochi,IN,2020-10-27 20:44:24,9.94,76.26,75.2,94,40,5.35
306,Clarence Town,AU,2020-10-27 20:44:25,-32.58,151.78,61.0,93,20,5.82
307,Genhe,CN,2020-10-27 20:44:25,50.78,121.52,20.14,94,94,6.44
308,Mount Isa,AU,2020-10-27 20:44:25,-20.73,139.5,62.6,21,0,5.82
309,San-Pedro,CI,2020-10-27 20:44:25,4.75,-6.64,78.12,88,53,6.78
310,Puerto Rondon,CO,2020-10-27 20:44:26,6.28,-71.1,85.35,72,72,7.2
311,Bubaque,GW,2020-10-27 20:43:58,11.28,-15.83,83.12,80,45,10.04
312,Ciudad Valles,MX,2020-10-27 20:44:26,21.98,-99.02,85.24,60,76,3.91
313,Sao Joao Da Barra,BR,2020-10-27 20:44:26,-21.64,-41.05,80.6,65,0,18.34
314,Campbellsville,US,2020-10-27 20:44:27,37.34,-85.34,64.4,82,1,3.31
315,Gazli,UZ,2020-10-27 20:44:27,40.13,63.45,40.23,64,16,10.58
316,Barcelos,PT,2020-10-27 20:44:27,41.54,-8.62,59.0,100,90,18.34
317,Mikhaylovka,RU,2020-10-27 20:44:27,50.06,43.24,37.0,66,74,7.0
318,Tynda,RU,2020-10-27 20:44:27,55.17,124.72,15.89,96,100,5.48
319,Lac Du Bonnet,CA,2020-10-27 20:44:28,50.25,-96.06,28.0,98,100,11.01
320,Goderich,CA,2020-10-27 20:44:28,43.75,-81.72,44.01,84,100,9.6
321,Opuwo,NA,2020-10-27 20:44:28,-18.06,13.84,67.77,48,35,3.24
322,Belaya Gora,RU,2020-10-27 20:44:28,68.53,146.42,10.22,94,100,5.23
323,Umm Kaddadah,SD,2020-10-27 20:44:28,13.6,26.69,85.51,19,0,14.79
324,San Pedro,PH,2020-10-27 20:44:29,14.35,121.02,80.6,83,75,3.36
325,Chitral,PK,2020-10-27 20:44:29,35.85,71.79,53.35,39,20,1.03
326,Ratnagiri,IN,2020-10-27 20:44:29,16.98,73.3,78.21,80,9,5.21
327,Mildura,AU,2020-10-27 20:42:09,-34.2,142.15,50.0,87,40,5.82
328,Surgut,RU,2020-10-27 20:44:30,61.25,73.42,12.2,92,0,11.18
329,Lorengau,PG,2020-10-27 20:44:30,-2.02,147.27,81.61,72,100,2.48
330,Saint-Augustin,CA,2020-10-27 20:44:30,51.23,-58.65,31.75,90,83,1.12
331,Kushima,JP,2020-10-27 20:44:30,31.46,131.23,61.16,85,0,3.51
332,Monrovia,LR,2020-10-27 20:44:31,6.3,-10.8,80.6,88,40,9.33
333,Springdale,US,2020-10-27 20:39:43,36.19,-94.13,41.0,100,90,6.93
334,Lae,PG,2020-10-27 20:44:31,-6.72,146.98,78.04,79,42,5.84
335,Mehamn,NO,2020-10-27 20:44:31,71.04,27.85,33.8,74,0,9.17
336,Khuzhir,RU,2020-10-27 20:44:31,53.19,107.34,34.99,82,91,7.29
337,Saravan,AM,2020-10-27 20:44:32,39.72,45.65,55.4,47,99,9.17
338,Tavricheskoye,RU,2020-10-27 20:44:32,54.59,73.64,32.0,98,75,13.42
339,Bhawana,PK,2020-10-27 20:44:32,31.57,72.65,66.72,24,0,3.44
340,Adelaide,AU,2020-10-27 20:40:43,-34.93,138.6,53.01,87,0,1.45
341,Yingkou,CN,2020-10-27 20:44:32,40.66,122.23,43.32,55,1,7.18
342,Ponta Do Sol,PT,2020-10-27 20:44:33,32.67,-17.1,66.2,72,40,4.7
343,Rawah,IQ,2020-10-27 20:44:33,34.48,41.91,62.8,29,0,0.47
344,San Patricio,US,2020-10-27 20:44:33,28.02,-97.52,64.4,77,90,14.99
345,Baykit,RU,2020-10-27 20:44:28,61.67,96.37,13.1,91,100,10.45
346,Manakara,MG,2020-10-27 20:44:34,-22.13,48.02,70.14,91,7,2.75
347,Nanpiao,CN,2020-10-27 20:44:34,41.1,120.75,39.99,55,0,3.87
348,Voh,NC,2020-10-27 20:44:34,-20.97,164.7,77.86,65,89,6.04
349,Hornepayne,CA,2020-10-27 20:43:06,49.21,-84.77,30.58,92,100,15.66
350,Najran,SA,2020-10-27 20:44:35,17.49,44.13,62.6,27,0,2.24
351,Freeport,US,2020-10-27 20:43:57,40.66,-73.58,60.8,55,1,3.36
352,Henties Bay,NA,2020-10-27 20:44:35,-22.12,14.28,57.99,88,22,3.0
353,Tarauaca,BR,2020-10-27 20:44:35,-8.16,-70.77,89.6,53,100,3.36
354,Pevek,RU,2020-10-27 20:44:35,69.7,170.31,20.89,97,100,16.11
355,Yazd,IR,2020-10-27 20:43:02,31.9,54.37,57.2,22,0,2.24
356,Yamada,JP,2020-10-27 20:40:54,39.47,141.95,47.32,75,4,4.27
357,Magdagachi,RU,2020-10-27 20:44:36,53.45,125.8,28.74,99,100,5.1
358,Careiro Da Varzea,BR,2020-10-27 20:44:36,-3.2,-59.81,77.0,94,75,2.24
359,Otsuki,JP,2020-10-27 20:44:36,35.6,138.93,55.4,87,90,0.31
360,Matai,TZ,2020-10-27 20:44:36,-8.3,31.52,65.28,63,33,6.78
361,Tabuk,PH,2020-10-27 20:44:37,17.42,121.44,73.27,88,100,1.52
362,Brae,GB,2020-10-27 20:44:37,60.4,-1.35,48.2,76,5,10.29
363,Elizabeth City,US,2020-10-27 20:44:37,36.29,-76.25,66.99,91,71,8.08
364,Yurimaguas,PE,2020-10-27 20:44:38,-5.9,-76.08,95.0,42,79,6.2
365,Prince Rupert,CA,2020-10-27 20:44:38,54.32,-130.32,50.0,93,75,2.24
366,Rodrigues Alves,BR,2020-10-27 20:44:38,-7.74,-72.65,75.2,100,75,2.24
367,Tuatapere,NZ,2020-10-27 20:44:38,-46.13,167.68,53.01,76,12,1.99
368,Borba,BR,2020-10-27 20:44:39,-4.39,-59.59,81.19,80,98,5.82
369,Constantine,DZ,2020-10-27 20:44:39,36.37,6.61,50.0,81,40,6.93
370,Klaksvik,FO,2020-10-27 20:44:39,62.23,-6.59,42.8,75,85,5.82
371,Tutoia,BR,2020-10-27 20:44:40,-2.76,-42.27,79.65,80,99,10.4
372,Lashio,MM,2020-10-27 20:44:40,22.93,97.75,63.05,97,0,1.97
373,Alta Floresta,BR,2020-10-27 20:44:40,-9.88,-56.09,87.66,52,100,3.0
374,Lebyazhye,RU,2020-10-27 20:44:41,55.27,66.49,25.9,94,100,19.51
375,Takaka,NZ,2020-10-27 20:44:41,-40.85,172.8,54.0,75,100,11.99
376,Mandera,KE,2020-10-27 20:44:41,3.94,41.87,79.63,69,78,13.96
377,Ballina,AU,2020-10-27 20:44:41,-28.87,153.57,64.4,93,75,8.05
378,El Retorno,CO,2020-10-27 20:44:41,2.33,-72.63,81.59,89,100,2.75
379,Olafsvik,IS,2020-10-27 20:43:49,64.89,-23.71,40.26,68,96,18.5
380,Jalu,LY,2020-10-27 20:44:42,29.03,21.55,74.23,36,22,11.41
381,Leningradskiy,RU,2020-10-27 20:43:41,69.38,178.42,17.51,90,0,18.43
382,Meulaboh,ID,2020-10-27 20:43:49,4.14,96.13,75.16,89,66,4.63
383,Beisfjord,NO,2020-10-27 20:44:42,68.38,17.6,32.0,84,0,9.17
384,Santa Maria,BR,2020-10-27 20:44:43,-29.68,-53.81,75.2,44,0,11.41
385,San Lazaro,BZ,2020-10-27 20:44:43,18.04,-88.66,89.6,66,90,11.41
386,Kabugao,PH,2020-10-27 20:44:43,18.02,121.18,74.12,87,100,0.43
387,Whitehorse,CA,2020-10-27 20:44:43,60.72,-135.05,33.8,64,90,8.05
388,Lyngseidet,NO,2020-10-27 20:44:44,69.58,20.22,32.0,74,0,12.75
389,Okhotsk,RU,2020-10-27 20:44:44,59.38,143.3,27.73,83,0,8.1
390,Krasnopavlivka,UA,2020-10-27 20:44:44,49.14,36.33,48.61,51,6,10.63
391,Port Hardy,CA,2020-10-27 20:44:44,50.7,-127.42,48.2,93,90,8.05
392,Yenagoa,NG,2020-10-27 20:44:45,4.92,6.26,77.23,93,100,3.27
393,Vallenar,CL,2020-10-27 20:44:45,-28.57,-70.76,74.8,36,0,8.28
394,Ust-Tsilma,RU,2020-10-27 20:44:45,65.44,52.15,35.33,96,100,5.5
395,Ormara,PK,2020-10-27 20:44:45,25.21,64.64,76.08,59,0,10.45
396,Naze,JP,2020-10-27 20:44:45,28.37,129.48,66.2,88,16,3.36
397,Puerto Escondido,MX,2020-10-27 20:44:46,15.85,-97.07,80.6,69,90,9.17
398,Popondetta,PG,2020-10-27 20:44:46,-8.75,148.25,77.88,82,84,2.26
399,Trofors,NO,2020-10-27 20:44:46,65.53,13.41,28.4,92,0,3.67
400,Kentville,CA,2020-10-27 20:43:49,45.08,-64.5,43.0,70,75,8.05
401,Torbay,CA,2020-10-27 20:43:33,47.67,-52.73,45.0,100,90,9.17
402,Aksarka,RU,2020-10-27 20:44:46,66.56,67.8,5.22,93,100,5.35
403,Ascension,US,2020-10-27 20:44:47,30.22,-90.9,84.99,74,90,6.93
404,Sambava,MG,2020-10-27 20:44:47,-14.27,50.17,72.01,88,8,5.97
405,Piopio,NZ,2020-10-27 20:44:47,-38.47,175.02,59.0,86,100,1.99
406,Manizales,CO,2020-10-27 20:44:47,5.07,-75.52,68.0,88,75,8.05
407,Oranjemund,NA,2020-10-27 20:44:48,-28.55,16.43,58.21,85,4,6.29
408,Salina,US,2020-10-27 20:44:47,38.84,-97.61,35.01,59,90,4.61
409,Alyangula,AU,2020-10-27 20:44:48,-13.85,136.42,77.0,100,63,4.38
410,Tura,IN,2020-10-27 20:44:25,25.52,90.22,68.56,88,0,4.29
411,Dodge City,US,2020-10-27 20:44:48,37.75,-100.02,33.8,50,90,6.93
412,Puerto Madero,MX,2020-10-27 20:44:49,14.72,-92.42,87.8,74,75,9.1
413,Mayumba,GA,2020-10-27 20:44:49,-3.43,10.66,77.95,87,100,6.69
414,Fougamou,GA,2020-10-27 20:44:49,-1.22,10.58,74.14,95,100,4.23
415,Abonnema,NG,2020-10-27 20:44:49,4.71,6.79,77.0,94,40,3.65
416,Malinovskiy,RU,2020-10-27 20:44:50,61.2,62.84,22.66,93,90,4.23
417,Kholbon,RU,2020-10-27 20:44:50,51.88,116.25,20.75,88,0,3.67
418,Diapaga,BF,2020-10-27 20:44:50,12.07,1.79,81.12,16,9,4.92
419,Tashara,RU,2020-10-27 20:44:50,55.52,83.51,40.06,86,95,6.69
420,Kamaishi,JP,2020-10-27 20:44:51,39.27,141.88,50.29,72,25,4.12
421,Tucuman,AR,2020-10-27 20:40:40,-26.82,-65.22,95.0,23,0,13.87
422,Suriapet,IN,2020-10-27 20:44:51,17.15,79.62,71.35,73,1,5.08
423,Porbandar,IN,2020-10-27 20:44:51,21.64,69.61,79.81,56,0,9.42
424,Jinchang,CN,2020-10-27 20:44:51,38.5,102.17,38.3,75,91,2.19
425,Ixtapa,MX,2020-10-27 20:44:52,20.7,-105.2,89.01,70,20,9.17
426,Sitka,US,2020-10-27 20:44:52,57.05,-135.33,46.4,87,90,6.93
427,Rocha,UY,2020-10-27 20:44:52,-34.48,-54.33,58.98,85,100,12.33
428,Beira,MZ,2020-10-27 20:44:52,-19.84,34.84,77.0,83,20,10.29
429,Dvinskoy,RU,2020-10-27 20:44:53,62.15,45.12,38.86,95,100,6.82
430,Sitio Novo Do Tocantins,BR,2020-10-27 20:44:53,-5.52,-47.46,91.4,59,40,11.41
431,Aguimes,ES,2020-10-27 20:44:53,27.91,-15.45,72.0,64,75,16.11
432,Akdepe,TM,2020-10-27 20:44:53,42.06,59.38,33.8,64,0,4.7
433,Inzer,RU,2020-10-27 20:44:53,54.22,57.56,26.24,95,30,2.75
434,Srednekolymsk,RU,2020-10-27 20:44:54,67.45,153.68,14.83,88,100,2.86
435,Sinnar,SD,2020-10-27 20:44:54,13.57,33.57,89.46,25,49,1.81
436,Osmena,PH,2020-10-27 20:44:54,10.52,119.93,82.81,77,66,11.56
437,Westport,US,2020-10-27 20:41:04,41.14,-73.36,57.99,65,100,5.17
438,Talaya,RU,2020-10-27 20:44:54,61.38,152.75,11.05,89,0,3.24
439,Alto Araguaia,BR,2020-10-27 20:44:55,-17.31,-53.22,79.72,69,83,8.01
440,Sao Felix Do Xingu,BR,2020-10-27 20:44:55,-6.64,-51.99,84.79,60,99,2.42
441,Suluq,LY,2020-10-27 20:44:55,31.67,20.25,74.52,44,78,7.67
442,Bantry,IE,2020-10-27 20:44:55,51.68,-9.45,44.6,93,75,10.29
443,Barra Patuca,HN,2020-10-27 20:44:55,15.8,-84.28,82.4,78,84,10.18
444,Belogorsk,RU,2020-10-27 20:44:56,50.92,128.46,31.41,97,87,3.62
445,Itarema,BR,2020-10-27 20:44:56,-2.92,-39.92,79.0,79,48,14.83
446,Cadillac,US,2020-10-27 20:41:03,44.25,-85.4,41.0,66,73,4.0
447,Chengde,CN,2020-10-27 20:44:56,40.97,117.94,37.2,61,87,3.58
448,West Wendover,US,2020-10-27 20:44:56,40.74,-114.07,46.4,28,1,6.93
449,Evanston,US,2020-10-27 20:41:31,42.04,-87.69,37.4,74,75,4.7
450,Mosquera,CO,2020-10-27 20:44:57,4.71,-74.23,66.2,59,75,14.99
451,Ambulu,ID,2020-10-27 20:44:57,-8.35,113.61,75.99,88,94,1.45
452,Tahe,CN,2020-10-27 20:44:57,52.33,124.73,23.27,94,100,9.55
453,Muhldorf,DE,2020-10-27 20:44:58,48.25,12.53,39.0,96,0,4.9
454,Rehoboth,NA,2020-10-27 20:44:58,-23.32,17.08,72.39,23,61,5.97
455,Haines Junction,CA,2020-10-27 20:44:58,60.75,-137.51,33.01,85,15,2.24
456,Bulaevo,KZ,2020-10-27 20:41:09,54.91,70.44,26.51,96,100,21.47
457,Hovd,MN,2020-10-27 20:44:58,48.01,91.64,29.86,79,91,0.18
458,Buckeye,US,2020-10-27 20:44:59,33.37,-112.58,68.0,17,1,0.25
459,Kawalu,ID,2020-10-27 20:44:59,-7.38,108.21,72.55,92,100,1.41
460,Varzea Da Palma,BR,2020-10-27 20:44:59,-17.6,-44.73,81.37,63,71,3.58
461,Almeirim,BR,2020-10-27 20:44:59,-1.52,-52.58,90.16,50,92,5.08
462,Eyl,SO,2020-10-27 20:44:59,7.98,49.82,77.47,71,11,9.62
463,Komsomolskiy,UZ,2020-10-27 20:44:59,40.43,71.72,50.0,53,98,4.7
464,Carbonia,IT,2020-10-27 20:45:00,39.17,8.52,59.0,93,20,4.7
465,Kenora,CA,2020-10-27 20:45:00,49.82,-94.43,26.6,92,90,16.11
466,Osorno,CL,2020-10-27 20:43:22,-40.57,-73.15,51.8,76,90,11.41
467,Nenjiang,CN,2020-10-27 20:45:00,49.18,125.22,28.96,90,2,8.99
468,Kitimat,CA,2020-10-27 20:40:08,54.05,-128.65,52.0,87,100,1.01
469,Olinda,BR,2020-10-27 20:45:01,-8.01,-34.86,82.4,65,40,9.17
470,Tanete,ID,2020-10-27 20:45:01,-3.94,119.78,74.37,86,100,1.88
471,Burpengary,AU,2020-10-27 20:45:01,-27.16,152.96,66.99,96,72,1.59
472,Caravelas,BR,2020-10-27 20:45:02,-17.71,-39.25,76.39,88,80,5.21
473,Sisimiut,GL,2020-10-27 20:45:02,66.94,-53.67,18.52,89,0,10.09
474,Bardiyah,LY,2020-10-27 20:45:02,31.76,25.09,71.65,69,31,11.9
475,Erzin,TR,2020-10-27 20:45:03,36.96,36.2,75.2,23,0,5.82
476,Hami,CN,2020-10-27 20:43:23,42.8,93.45,43.48,51,0,7.61
477,Los Llanos De Aridane,ES,2020-10-27 20:45:03,28.66,-17.92,69.8,73,75,9.17
478,Severo-Yeniseyskiy,RU,2020-10-27 20:45:04,60.37,93.04,21.45,97,100,12.46
479,Jimma,ET,2020-10-27 20:45:05,7.67,36.83,56.95,75,0,1.79
480,Nioki,CD,2020-10-27 20:45:05,-2.72,17.68,73.51,94,96,2.68
481,Thunder Bay,CA,2020-10-27 20:42:22,48.4,-89.32,36.0,40,75,14.99
482,Invermere,CA,2020-10-27 20:40:46,50.52,-116.04,34.0,65,96,5.99
483,Balikpapan,ID,2020-10-27 20:45:05,-1.27,116.83,75.81,89,100,4.59
484,Partanna,IT,2020-10-27 20:45:06,37.73,12.89,54.0,75,3,3.0
485,Kargil,IN,2020-10-27 20:45:06,34.57,76.1,30.72,72,0,3.36
486,Mandurah,AU,2020-10-27 20:45:06,-32.55,115.7,64.0,77,40,9.57
487,Gimli,CA,2020-10-27 20:42:10,50.63,-96.99,30.99,98,100,11.01
488,Luena,AO,2020-10-27 20:45:07,-11.78,19.92,62.76,90,98,2.37
489,Ukiah,US,2020-10-27 20:43:20,39.15,-123.21,86.0,14,1,3.58
490,Te Anau,NZ,2020-10-27 20:45:07,-45.42,167.72,47.73,75,89,1.48
491,Campagna,IT,2020-10-27 20:45:08,40.67,15.11,53.01,92,100,1.01
492,Merauke,ID,2020-10-27 20:45:08,-8.47,140.33,74.46,83,100,11.88
493,Tay Ninh,VN,2020-10-27 20:45:08,11.3,106.1,76.87,85,100,9.89
494,Ulaanbaatar,MN,2020-10-27 20:41:46,47.91,106.88,12.2,78,0,2.24
495,Dasoguz,TM,2020-10-27 20:45:08,41.84,59.97,33.8,64,0,4.7
496,San Carlos De Bariloche,AR,2020-10-27 20:40:40,-41.15,-71.31,44.6,65,40,31.09
497,Kuching,MY,2020-10-27 20:42:00,1.55,110.33,75.2,100,20,3.04
498,Maryborough,AU,2020-10-27 20:45:09,-25.53,152.7,69.85,91,37,4.07
499,Okha,RU,2020-10-27 20:45:09,53.57,142.95,36.77,85,98,1.68
500,Tatawin,TN,2020-10-27 20:45:09,32.93,10.45,60.8,59,0,3.36
501,Scarborough,GB,2020-10-27 20:45:10,54.28,-0.4,46.99,87,61,5.99
502,Garoua,CM,2020-10-27 20:45:10,9.3,13.4,79.54,35,0,0.16
503,Winchester,GB,2020-10-27 20:41:06,51.07,-1.32,50.0,81,0,6.93
504,Tezu,IN,2020-10-27 20:45:10,27.92,96.17,70.88,58,7,3.04
505,Gudari,IN,2020-10-27 20:45:11,19.35,83.78,68.7,72,0,2.57
506,Port-Gentil,GA,2020-10-27 20:45:11,-0.72,8.78,78.8,88,20,9.17
507,Kamalia,PK,2020-10-27 20:45:11,30.73,72.65,66.29,25,0,3.4
508,Rio Grande,BR,2020-10-27 20:41:36,-32.03,-52.1,62.01,99,100,10.0
509,Milton,US,2020-10-27 20:43:03,34.13,-84.3,79.0,81,56,1.01
510,Saldanha,ZA,2020-10-27 20:45:12,-33.01,17.94,60.8,82,100,3.36
511,Sarapul,RU,2020-10-27 20:45:12,56.48,53.8,26.01,91,86,5.19
512,Kutum,SD,2020-10-27 20:45:12,14.2,24.67,76.39,22,0,12.48
513,Havoysund,NO,2020-10-27 20:45:12,71.0,24.66,35.6,80,0,16.11
514,Takoradi,GH,2020-10-27 20:45:13,4.88,-1.76,78.31,87,100,8.79
515,Fallon,US,2020-10-27 20:45:13,39.47,-118.78,54.0,11,1,4.0
516,Huilong,CN,2020-10-27 20:45:13,31.81,121.66,64.99,87,97,8.59
517,Teya,RU,2020-10-27 20:45:13,60.38,92.63,25.32,95,100,11.83
518,Bandarbeyla,SO,2020-10-27 20:45:13,9.49,50.81,75.96,81,17,6.53
519,Lima,PE,2020-10-27 20:45:03,-12.04,-77.03,66.99,77,75,12.75
520,Huarmey,PE,2020-10-27 20:45:14,-10.07,-78.15,67.95,73,100,7.65
521,Valley City,US,2020-10-27 20:45:05,46.92,-98.0,26.6,73,40,21.92
522,Miraflores,MX,2020-10-27 20:45:14,19.22,-98.81,78.8,13,20,5.82
523,Stromness,GB,2020-10-27 20:45:14,58.97,-3.3,50.0,76,100,17.22
524,Zhenlai,CN,2020-10-27 20:45:15,45.85,123.3,29.89,77,0,8.5
525,Zhigansk,RU,2020-10-27 20:45:15,66.77,123.37,-6.88,92,89,1.19
526,Xichang,CN,2020-10-27 20:45:15,27.9,102.26,61.38,78,80,0.74
527,Cockburn Town,TC,2020-10-27 20:45:15,21.46,-71.14,84.2,70,40,17.22
528,Verkhoyansk,RU,2020-10-27 20:45:16,67.54,133.38,5.31,93,83,3.71
529,Asyut,EG,2020-10-27 20:45:16,27.18,31.18,73.4,56,0,10.29
530,Lasa,IT,2020-10-27 20:45:16,46.62,10.7,43.0,92,5,2.35
531,Belle Fourche,US,2020-10-27 20:45:16,44.67,-103.85,46.99,39,1,16.11
532,Pulaski,US,2020-10-27 20:40:58,34.77,-92.3,48.99,87,90,9.17
533,Rawson,AR,2020-10-27 20:45:17,-43.3,-65.1,65.16,26,89,21.54
534,Uray,RU,2020-10-27 20:45:17,60.12,64.78,17.17,97,47,3.65
535,Cayenne,GF,2020-10-27 20:45:17,4.93,-52.33,87.8,66,20,12.75
536,Buenos Aires,AR,2020-10-27 20:42:39,-34.61,-58.38,71.01,37,0,10.29
537,Kampong Thum,KH,2020-10-27 20:45:18,12.71,104.89,75.02,82,100,11.07
538,Manicore,BR,2020-10-27 20:45:18,-5.81,-61.3,80.49,76,100,1.32
539,Nantucket,US,2020-10-27 20:41:21,41.28,-70.1,57.2,67,75,12.75
540,Kampot,KH,2020-10-27 20:45:18,10.62,104.18,82.4,78,40,10.29
541,Pingdu,CN,2020-10-27 20:45:18,36.78,119.95,53.6,58,0,11.18
542,Samarkand,UZ,2020-10-27 20:45:19,39.65,66.96,50.0,61,97,4.7
543,Taunggyi,MM,2020-10-27 20:45:19,20.78,97.03,58.84,100,0,1.45
544,Pyshma,RU,2020-10-27 20:45:19,56.95,63.25,19.47,97,27,7.14
545,Kailua,US,2020-10-27 20:41:08,21.4,-157.74,80.6,74,40,3.36
546,Port Lincoln,AU,2020-10-27 20:45:20,-34.73,135.87,56.55,81,0,5.17
547,Santiago Del Estero,AR,2020-10-27 20:45:20,-27.8,-64.26,94.12,17,0,15.64
548,Troitsk,RU,2020-10-27 20:45:20,54.1,61.58,24.13,95,0,12.37
549,Sinop,TR,2020-10-27 20:45:20,41.77,34.87,59.4,61,0,3.65
550,Cruz Grande,MX,2020-10-27 20:45:20,16.73,-99.13,86.0,74,90,8.05
551,Nyurba,RU,2020-10-27 20:45:21,63.28,118.33,12.07,87,100,3.18
552,Flinders,AU,2020-10-27 20:45:21,-34.58,150.86,57.99,91,77,1.01
553,Porto Belo,BR,2020-10-27 20:45:21,-27.16,-48.55,77.0,83,20,13.87
554,Preston,GB,2020-10-27 20:41:02,53.77,-2.72,51.8,71,40,24.16
555,Edson,CA,2020-10-27 20:45:22,53.58,-116.44,48.2,57,75,12.75
556,Elesbao Veloso,BR,2020-10-27 20:45:22,-6.2,-42.14,85.8,54,100,5.35
